{
  "ms->s": 0.001,
  "s->ms": 1000,
  "us->ms": 0.001,
  "ms->us": 1000,
  "mm->cm": 0.1,
  "cm->mm": 10,
  "cm->m": 0.01,
  "m->cm": 100,
  "mm->m": 0.001,
  "uint->real": 0.001,
  "m->mm": 1000,
  "deg->rad": 0.017453292519943295,
  "rad->deg": 57.29577951308232
}

